{
  "add_bos_token": true,
  "add_eos_token": false,
  "add_prefix_space": null,
  "added_tokens_decoder": {
    "151643": {
      "content": "<｜end▁of▁sentence｜>",
      "lstrip": false,
      "normalized": false,
      "rstrip": false,
      "single_word": false,
      "special": true
    },
    "151644": {
      "content": "<｜User｜>",
      "lstrip": false,
      "normalized": false,
      "rstrip": false,
      "single_word": false,
      "special": false
    },
    "151645": {
      "content": "<｜Assistant｜>",
      "lstrip": false,
      "normalized": false,
      "rstrip": false,
      "single_word": false,
      "special": false
    },
    "151646": {
      "content": "<｜begin▁of▁sentence｜>",
      "lstrip": false,
      "normalized": false,
      "rstrip": false,
      "single_word": false,
      "special": true
    },
    "151647": {
      "content": "<|EOT|>",
      "lstrip": false,
      "normalized": false,
      "rstrip": false,
      "single_word": false,
      "special": false
    },
    "151648": {
      "content": "<think>",
      "lstrip": false,
      "normalized": false,
      "rstrip": false,
      "single_word": false,
      "special": false
    },
    "151649": {
      "content": "</think>",
      "lstrip": false,
      "normalized": false,
      "rstrip": false,
      "single_word": false,
      "special": false
    },
    "151650": {
      "content": "<|quad_start|>",
      "lstrip": false,
      "normalized": false,
      "rstrip": false,
      "single_word": false,
      "special": true
    },
    "151651": {
      "content": "<|quad_end|>",
      "lstrip": false,
      "normalized": false,
      "rstrip": false,
      "single_word": false,
      "special": true
    },
    "151652": {
      "content": "<|vision_start|>",
      "lstrip": false,
      "normalized": false,
      "rstrip": false,
      "single_word": false,
      "special": true
    },
    "151653": {
      "content": "<|vision_end|>",
      "lstrip": false,
      "normalized": false,
      "rstrip": false,
      "single_word": false,
      "special": true
    },
    "151654": {
      "content": "<|vision_pad|>",
      "lstrip": false,
      "normalized": false,
      "rstrip": false,
      "single_word": false,
      "special": true
    },
    "151655": {
      "content": "<|image_pad|>",
      "lstrip": false,
      "normalized": false,
      "rstrip": false,
      "single_word": false,
      "special": true
    },
    "151656": {
      "content": "<|video_pad|>",
      "lstrip": false,
      "normalized": false,
      "rstrip": false,
      "single_word": false,
      "special": true
    },
    "151657": {
      "content": "<tool_call>",
      "lstrip": false,
      "normalized": false,
      "rstrip": false,
      "single_word": false,
      "special": false
    },
    "151658": {
      "content": "</tool_call>",
      "lstrip": false,
      "normalized": false,
      "rstrip": false,
      "single_word": false,
      "special": false
    },
    "151659": {
      "content": "<|fim_prefix|>",
      "lstrip": false,
      "normalized": false,
      "rstrip": false,
      "single_word": false,
      "special": false
    },
    "151660": {
      "content": "<|fim_middle|>",
      "lstrip": false,
      "normalized": false,
      "rstrip": false,
      "single_word": false,
      "special": false
    },
    "151661": {
      "content": "<|fim_suffix|>",
      "lstrip": false,
      "normalized": false,
      "rstrip": false,
      "single_word": false,
      "special": false
    },
    "151662": {
      "content": "<|fim_pad|>",
      "lstrip": false,
      "normalized": false,
      "rstrip": false,
      "single_word": false,
      "special": false
    },
    "151663": {
      "content": "<|repo_name|>",
      "lstrip": false,
      "normalized": false,
      "rstrip": false,
      "single_word": false,
      "special": false
    },
    "151664": {
      "content": "<|file_sep|>",
      "lstrip": false,
      "normalized": false,
      "rstrip": false,
      "single_word": false,
      "special": false
    }
  },
  "bos_token": "<｜begin▁of▁sentence｜>",
  "chat_template": "{% if not add_generation_prompt is defined %}{% set add_generation_prompt = false %}{% endif %}{% set ns = namespace(is_first=false, is_tool=false, is_output_first=true, system_prompt='') %}{%- for message in messages %}{%- if message['role'] == 'system' %}{% set ns.system_prompt = message['content'] %}{%- endif %}{%- endfor %}{{bos_token}}{{ns.system_prompt}}{%- for message in messages %}{%- if message['role'] == 'user' %}{%- set ns.is_tool = false -%}{{'<｜User｜>' + message['content']}}{%- endif %}{%- if message['role'] == 'assistant' and message['content'] is none %}{%- set ns.is_tool = false -%}{%- for tool in message['tool_calls']%}{%- if not ns.is_first %}{{'<｜Assistant｜><｜tool▁calls▁begin｜><｜tool▁call▁begin｜>' + tool['type'] + '<｜tool▁sep｜>' + tool['function']['name'] + '\\n' + '```json' + '\\n' + tool['function']['arguments'] + '\\n' + '```' + '<｜tool▁call▁end｜>'}}{%- set ns.is_first = true -%}{%- else %}{{'\\n' + '<｜tool▁call▁begin｜>' + tool['type'] + '<｜tool▁sep｜>' + tool['function']['name'] + '\\n' + '```json' + '\\n' + tool['function']['arguments'] + '\\n' + '```' + '<｜tool▁call▁end｜>'}}{{'<｜tool▁calls▁end｜><｜end▁of▁sentence｜>'}}{%- endif %}{%- endfor %}{%- endif %}{%- if message['role'] == 'assistant' and message['content'] is not none %}{%- if ns.is_tool %}{{'<｜tool▁outputs▁end｜>' + message['content'] + '<｜end▁of▁sentence｜>'}}{%- set ns.is_tool = false -%}{%- else %}{% set content = message['content'] %}{% if '</think>' in content %}{% set content = content.split('</think>')[-1] %}{% endif %}{{'<｜Assistant｜>' + content + '<｜end▁of▁sentence｜>'}}{%- endif %}{%- endif %}{%- if message['role'] == 'tool' %}{%- set ns.is_tool = true -%}{%- if ns.is_output_first %}{{'<｜tool▁outputs▁begin｜><｜tool▁output▁begin｜>' + message['content'] + '<｜tool▁output▁end｜>'}}{%- set ns.is_output_first = false %}{%- else %}{{'\\n<｜tool▁output▁begin｜>' + message['content'] + '<｜tool▁output▁end｜>'}}{%- endif %}{%- endif %}{%- endfor -%}{% if ns.is_tool %}{{'<｜tool▁outputs▁end｜>'}}{% endif %}{% if add_generation_prompt and not ns.is_tool %}{{'<｜Assistant｜><think>\\n'}}{% endif %}",
  "clean_up_tokenization_spaces": false,
  "eos_token": "<｜end▁of▁sentence｜>",
  "extra_special_tokens": {},
  "legacy": true,
  "model_max_length": 16384,
  "pad_token": "<｜end▁of▁sentence｜>",
  "sp_model_kwargs": {},
  "tokenizer_class": "LlamaTokenizerFast",
  "unk_token": null,
  "use_default_system_prompt": false
}
